{
    "keep": {
        "days": true,
        "amount": 10
    },
    "auditLog": "logs/.610266b3091294d774ca6da614cdee31e137b6d1-audit.json",
    "files": [
        {
            "date": 1710488571943,
            "name": "logs/debug-2024-03-15.log",
            "hash": "1d32b83c4c94130a3011ddc4f374ef119fa1945fe44ccabb7849b5b3ac26e32e"
        },
        {
            "date": 1710590190782,
            "name": "logs/debug-2024-03-16.log",
            "hash": "0db04601846ccd12a11ce2fc4e097d7fb8e213bf7e48e6b6efe65680b8822015"
        },
        {
            "date": 1710664347338,
            "name": "logs/debug-2024-03-17.log",
            "hash": "afc233f59258bfebf74406fa8ce18bfcf9eddf956870a2b1ef3cc9bf0c81e690"
        },
        {
            "date": 1710747591368,
            "name": "logs/debug-2024-03-18.log",
            "hash": "59caeebc9f0498a9a1092792bd4ef274dffc2e4e660daea2faf8516f7c22c535"
        },
        {
            "date": 1710833889065,
            "name": "logs/debug-2024-03-19.log",
            "hash": "34577977af631647138dd56b1f11fbc4b9d4562e226e53d948856609edfb52c2"
        },
        {
            "date": 1711006478086,
            "name": "logs/debug-2024-03-21.log",
            "hash": "9af99eb04d9a48fe6a362afa5045c4455d54ade3a62ad6487d88eb473784d4cf"
        },
        {
            "date": 1711093081641,
            "name": "logs/debug-2024-03-22.log",
            "hash": "2e376d024497eb9fffbb121b1e803702da0d51aca003ecaa7884401954b1e44a"
        },
        {
            "date": 1711352212858,
            "name": "logs/debug-2024-03-25.log",
            "hash": "5b9edd6e862b2f91ce73fd0f1b0959e6f733835fb21a9af65fa063ec4450e2a3"
        }
    ],
    "hashType": "sha256"
}