{
    "keep": {
        "days": true,
        "amount": 10
    },
    "auditLog": "logs/.63e04c22cce7ed5393ab3287733ef5b2cfb3dcb5-audit.json",
    "files": [
        {
            "date": 1710488572065,
            "name": "logs/warn-2024-03-15.log",
            "hash": "76aa06b6d8e866e3c7283579febf37bf1277bcc93db9a381b1077553ab152dd2"
        },
        {
            "date": 1710590190778,
            "name": "logs/warn-2024-03-16.log",
            "hash": "e83d7a0c94a59220a47af2ddc584d4dbde3b9e51d158d49fe303dbdbdd9c66ec"
        },
        {
            "date": 1710664347336,
            "name": "logs/warn-2024-03-17.log",
            "hash": "92f13a76abefa16f71706635df3bc00e3beb2be3ba95b85d078c203811dcbb4b"
        },
        {
            "date": 1710747591365,
            "name": "logs/warn-2024-03-18.log",
            "hash": "a65b13bf34480f73297b6ff6116e1993213649311ff1cea7422c9fe45f4e3c84"
        },
        {
            "date": 1710833983034,
            "name": "logs/warn-2024-03-19.log",
            "hash": "301584ea0a1c6a4a6169f4ace30ceb92c5da3e50ccf3c0f67d4f1a2ff9c9afa3"
        },
        {
            "date": 1711018219675,
            "name": "logs/warn-2024-03-21.log",
            "hash": "b803d0695e626aa3d2c4876fd59735390b806a6d094b978d9e5765fe76795c12"
        },
        {
            "date": 1711093252725,
            "name": "logs/warn-2024-03-22.log",
            "hash": "70a019b32da1629fcd4289895076d2ffcdcbd8aeba166a688168dfeedf4cddca"
        },
        {
            "date": 1711352212855,
            "name": "logs/warn-2024-03-25.log",
            "hash": "28972814f6197589419d19518b74925109d43ce8590841536d2c831e29c3c0c8"
        }
    ],
    "hashType": "sha256"
}