{
    "keep": {
        "days": true,
        "amount": 10
    },
    "auditLog": "logs/.b1cec2f68fd0bea2960b789ca07eb0991baf7096-audit.json",
    "files": [
        {
            "date": 1710488571906,
            "name": "logs/info-2024-03-15.log",
            "hash": "dd70a65e1b76c4453416ff41d59b4ec2fa418eab156874b149c699a00f18d455"
        },
        {
            "date": 1710590190777,
            "name": "logs/info-2024-03-16.log",
            "hash": "f1e312c51930d548776f5117ec8a4df1d591b7daea5a594dc0c767e40177a79c"
        },
        {
            "date": 1710664347335,
            "name": "logs/info-2024-03-17.log",
            "hash": "29d6671515f09c17a2b70421f4a457c106d5061e3a532ba5b2205416c23cfc3c"
        },
        {
            "date": 1710747591365,
            "name": "logs/info-2024-03-18.log",
            "hash": "98e2f4aad8da1bde189f0d2db0bbf63cd4692e684de34b9852ff6aea75f811bb"
        },
        {
            "date": 1710833889020,
            "name": "logs/info-2024-03-19.log",
            "hash": "3daf7330affe6069ed66c6d0ca7e5d2968ec6ac4a6c055c0a8f7892c130b7ced"
        },
        {
            "date": 1711006478057,
            "name": "logs/info-2024-03-21.log",
            "hash": "d3456bcef93e9a5e7458c8b6db0c38b557cc2c701ecc7f8d2a46691109620560"
        },
        {
            "date": 1711093081602,
            "name": "logs/info-2024-03-22.log",
            "hash": "51c5b32586361efb19bfee2b585c612881c0142aa72f48fcd4470c396b7137eb"
        },
        {
            "date": 1711352212844,
            "name": "logs/info-2024-03-25.log",
            "hash": "55185c917ca95c7218ae9767892c56fde1621d1782826629b72d5aff75da95ff"
        }
    ],
    "hashType": "sha256"
}