{
    "keep": {
        "days": true,
        "amount": 10
    },
    "auditLog": "logs/.dad5a0d708764006256f7f3e0f1f75e52070678c-audit.json",
    "files": [
        {
            "date": 1710488572064,
            "name": "logs/errors-2024-03-15.log",
            "hash": "9db2917a8d25d4a0fae92c61760adc2fdb3d6dddff5c8e1b8e71d23b623ad545"
        },
        {
            "date": 1710590190770,
            "name": "logs/errors-2024-03-16.log",
            "hash": "d2d84a46608b3dd29c9f3c15c7bdfef0d2c0a44b36e1874096d6dac9ee97bfe8"
        },
        {
            "date": 1710664347329,
            "name": "logs/errors-2024-03-17.log",
            "hash": "219dec6affcf4df8c880b16f00d04666d4df31b876e9d27eb6bb17e167dc8e8f"
        },
        {
            "date": 1710747591356,
            "name": "logs/errors-2024-03-18.log",
            "hash": "e3aceee0df6dde9410a02afc48b7ef1ed22a6bd6708a3a215ed862223381e3f3"
        },
        {
            "date": 1710833983026,
            "name": "logs/errors-2024-03-19.log",
            "hash": "545702630f1935d27bfdf14fa9d5138924a8c945206324bed3399615f1ed06ae"
        },
        {
            "date": 1711018219668,
            "name": "logs/errors-2024-03-21.log",
            "hash": "8501a19e332bd6d1640c89b88457fd7e2fd2448f6bdd77a53e7da914ceb88625"
        },
        {
            "date": 1711093252723,
            "name": "logs/errors-2024-03-22.log",
            "hash": "6deedd75c798cec62baf0288f8f73c7fa3be7548d92ba7fff0e2bd2d3e16e6e4"
        },
        {
            "date": 1711352212838,
            "name": "logs/errors-2024-03-25.log",
            "hash": "b7c6a6d2133b1779b92024ee6336f710bd12832273f91c42516f81513b50adb2"
        }
    ],
    "hashType": "sha256"
}