{
    "keep": {
        "days": true,
        "amount": 10
    },
    "auditLog": "logs/.e79331a64216de2af7e288398d0726da4e557188-audit.json",
    "files": [
        {
            "date": 1710488571944,
            "name": "logs/verbose-2024-03-15.log",
            "hash": "6e637569ab524500e5c7a339624e712a6a5e3614e63f0493ebad2f7ee16609ec"
        },
        {
            "date": 1710590190782,
            "name": "logs/verbose-2024-03-16.log",
            "hash": "e609f22c83dc1be9ebec06f8e11fdbec5eca9752ff95abeffdf2698d9daf69aa"
        },
        {
            "date": 1710664347339,
            "name": "logs/verbose-2024-03-17.log",
            "hash": "7b9ca726c7eb96943b299864f2b4bf83fb2141fd860413302bd85fd485cbaf4c"
        },
        {
            "date": 1710747591368,
            "name": "logs/verbose-2024-03-18.log",
            "hash": "52715b12f563634c981e86811c2e93bd31480f042471bf2539a5c80927e4e1e5"
        },
        {
            "date": 1710833889073,
            "name": "logs/verbose-2024-03-19.log",
            "hash": "39ff95d3ee11cf680999edf91506062816ee4be78924cbbc6dfb8eb0c57aa838"
        },
        {
            "date": 1711006478089,
            "name": "logs/verbose-2024-03-21.log",
            "hash": "4ed4d37202f9fcc03ddd1ec6dc3844e360b380235a2e849e28be72410742cfa5"
        },
        {
            "date": 1711093081645,
            "name": "logs/verbose-2024-03-22.log",
            "hash": "5c2cccde3f3cfd7db2e6af44fd0759c7e24bd2179bdc9367d34934ec7649095b"
        },
        {
            "date": 1711352212861,
            "name": "logs/verbose-2024-03-25.log",
            "hash": "47e3b0f68d1d3f40d9e5c1eac2b48df152d17f91b62ff98bb2e546534ac2bf40"
        }
    ],
    "hashType": "sha256"
}